ClientID,Name,Email,Phone
1,Acme Corp 95,acme.corp.9536@example.com,555-350-4657
2,Soylent 14,soylent.1487@example.com,555-858-9935
3,Hooli 55,hooli.555@example.com,555-130-2535
4,Initech 65,initech.6578@example.com,555-127-4257
5,Linda Anderson,linda.anderson76@example.com,555-384-1106
6,Soylent 55,soylent.5544@example.com,555-384-3547
7,InGen 44,ingen.4414@example.com,555-194-7224
8,Stark Industries 45,stark.industries.4578@example.com,555-370-1711
9,Sarah Brown,sarah.brown49@example.com,555-180-5803
10,Charles Miller,charles.miller91@example.com,555-171-1750
11,InGen 38,ingen.3811@example.com,555-975-4814
12,Wayne Enterprises 36,wayne.enterprises.3659@example.com,555-750-6977
13,Stark Industries 46,stark.industries.4627@example.com,555-786-5374
14,Hooli 82,hooli.8222@example.com,555-646-5010
15,Massive Dynamic 49,massive.dynamic.4935@example.com,555-755-4598
16,Mary Davis,mary.davis5@example.com,555-924-6168
17,William Williams,william.williams28@example.com,555-680-6155
18,Globex 64,globex.6451@example.com,555-758-8517
19,Umbrella Corp 18,umbrella.corp.1832@example.com,555-862-9830
20,Charles Wilson,charles.wilson75@example.com,555-508-6930
21,Global Dynamics 66,global.dynamics.6664@example.com,555-193-1771
22,Global Dynamics 81,global.dynamics.8121@example.com,555-911-7916
23,Wayne Enterprises 49,wayne.enterprises.4977@example.com,555-579-9669
24,Sarah Smith,sarah.smith88@example.com,555-838-2876
25,David Brown,david.brown38@example.com,555-545-3591
26,James Rodriguez,james.rodriguez65@example.com,555-880-3927
27,Globex 39,globex.3982@example.com,555-619-4258
28,Stark Industries 98,stark.industries.9821@example.com,555-652-9689
29,Hooli 42,hooli.4263@example.com,555-119-2832
30,Elizabeth Davis,elizabeth.davis8@example.com,555-346-2290
31,Soylent 63,soylent.639@example.com,555-878-9727
32,Global Dynamics 85,global.dynamics.8561@example.com,555-662-3705
33,Thomas Martin,thomas.martin55@example.com,555-316-9835
34,Soylent 40,soylent.4052@example.com,555-787-7118
35,Thomas Anderson,thomas.anderson16@example.com,555-353-4681
36,Stark Industries 3,stark.industries.376@example.com,555-667-4770
37,Acme Corp 10,acme.corp.1091@example.com,555-746-1964
38,TechNova 5,technova.543@example.com,555-172-9423
39,Umbrella Corp 86,umbrella.corp.8663@example.com,555-319-9834
40,Soylent 74,soylent.7474@example.com,555-584-4981
41,Susan Miller,susan.miller13@example.com,555-199-8062
42,Susan Wilson,susan.wilson60@example.com,555-984-1887
43,Acme Corp 52,acme.corp.5294@example.com,555-447-2790
44,Initech 25,initech.2569@example.com,555-559-3296
45,Jennifer Rodriguez,jennifer.rodriguez60@example.com,555-355-2235
46,Sarah Brown,sarah.brown7@example.com,555-767-9856
47,TechNova 97,technova.9731@example.com,555-270-7658
48,Jessica Miller,jessica.miller52@example.com,555-160-3697
49,James Gonzalez,james.gonzalez34@example.com,555-902-8454
50,Susan Moore,susan.moore85@example.com,555-835-8973
51,Initech 38,initech.3828@example.com,555-159-9883
52,Soylent 41,soylent.418@example.com,555-151-8811
53,Acme Corp 66,acme.corp.6611@example.com,555-971-4044
54,Hooli 9,hooli.987@example.com,555-982-4853
